{
  "joint": 0.6749999999999998,
  "random": 0.4990896358543417,
  "recency": 0.5685224089635855,
  "kvp": 0.8913515406162461
}