{
  "kvp": 0.8913515406162461,
  "random": 0.49768907563025216,
  "recency": 0.5685224089635855,
  "frequency": 1.0
}