{
  "trace_counts": [
    2,
    5,
    10,
    15,
    20,
    25
  ],
  "kvp_recalls": [
    0.8641863095433235,
    0.8759773387767064,
    0.87005377897807,
    0.8709878274819082,
    0.8721499049411587,
    0.8789192453036024
  ],
  "joint_recalls": [
    0.5978579528064051,
    0.7064302946369516,
    0.7667505152406834,
    0.7957516611535936,
    0.8101362980690425,
    0.8163933351919923
  ]
}